<?xml version="1.0" encoding="UTF-8"?>
<gmd:MD_Metadata xmlns:gmd="http://www.isotc211.org/2005/gmd" xmlns:csw="http://www.opengis.net/cat/csw/2.0.2" xmlns:gmx="http://www.isotc211.org/2005/gmx" xmlns:gco="http://www.isotc211.org/2005/gco" xmlns:gml="http://www.opengis.net/gml/3.2" xmlns:gsr="http://www.isotc211.org/2005/gsr" xmlns:gss="http://www.isotc211.org/2005/gss" xmlns:gts="http://www.isotc211.org/2005/gts" xmlns:ogc="http://www.opengis.net/ogc" xmlns:ows="http://www.opengis.net/ows" xmlns:srv="http://www.isotc211.org/2005/srv" xmlns:xlink="http://www.w3.org/1999/xlink" xmlns:xsi="http://www.w3.org/2001/XMLSchema-instance" xsi:schemaLocation="http://www.isotc211.org/2005/gmd/metadataEntity.xsd http://schemas.opengis.net/iso/19139/20070417/gmd/metadataEntity.xsd"><gmd:fileIdentifier><gco:CharacterString>r_emiro:2016-05-03T100959</gco:CharacterString></gmd:fileIdentifier><gmd:language><gmd:LanguageCode codeList="http://www.loc.gov/standards/iso639-2" codeListValue="ita">ita</gmd:LanguageCode></gmd:language><gmd:characterSet><gmd:MD_CharacterSetCode codeList="http://standards.iso.org/ittf/PubliclyAvailableStandards/ISO_19139_Schemas/resources/Codelist/gmxCodelists.xml#MD_CharacterSetCode" codeListValue="utf8">UTF8</gmd:MD_CharacterSetCode></gmd:characterSet><gmd:parentIdentifier><gco:CharacterString>R_EMIRO:DTNJH</gco:CharacterString></gmd:parentIdentifier><gmd:hierarchyLevel><gmd:MD_ScopeCode codeList="http://standards.iso.org/ittf/PubliclyAvailableStandards/ISO_19139_Schemas/resources/Codelist/gmxCodelists.xml#MD_ScopeCode" codeListValue="dataset">dataset</gmd:MD_ScopeCode></gmd:hierarchyLevel><gmd:contact><gmd:CI_ResponsibleParty><gmd:individualName><gco:CharacterString>Stefano Olivucci</gco:CharacterString></gmd:individualName><gmd:organisationName><gco:CharacterString>Servizio Statistica e Sistemi informativi geografici - Regione Emilia-Romagna</gco:CharacterString></gmd:organisationName><gmd:contactInfo><gmd:CI_Contact><gmd:phone><gmd:CI_Telephone><gmd:voice><gco:CharacterString>051 527 4884</gco:CharacterString></gmd:voice></gmd:CI_Telephone></gmd:phone><gmd:address><gmd:CI_Address><gmd:deliveryPoint><gco:CharacterString>Via dei Mille, 21</gco:CharacterString></gmd:deliveryPoint><gmd:city><gco:CharacterString>Bologna</gco:CharacterString></gmd:city><gmd:postalCode><gco:CharacterString>40121</gco:CharacterString></gmd:postalCode><gmd:country><gco:CharacterString>ITA</gco:CharacterString></gmd:country><gmd:electronicMailAddress><gco:CharacterString>solivucci@regione.emilia-romagna.it</gco:CharacterString></gmd:electronicMailAddress></gmd:CI_Address></gmd:address></gmd:CI_Contact></gmd:contactInfo><gmd:role><gmd:CI_RoleCode codeList="http://standards.iso.org/ittf/PubliclyAvailableStandards/ISO_19139_Schemas/resources/Codelist/gmxCodelists.xml#MD_ScopeCode" codeListValue="pointOfContact">pointOfContact</gmd:CI_RoleCode></gmd:role></gmd:CI_ResponsibleParty></gmd:contact><gmd:dateStamp><gco:Date>2016-05-03</gco:Date></gmd:dateStamp><gmd:metadataStandardName><gco:CharacterString>Linee Guida RNDT</gco:CharacterString></gmd:metadataStandardName><gmd:metadataStandardVersion><gco:CharacterString>2.0</gco:CharacterString></gmd:metadataStandardVersion><gmd:referenceSystemInfo><gmd:MD_ReferenceSystem><gmd:referenceSystemIdentifier><gmd:RS_Identifier><gmd:code><gco:CharacterString>ROMA40/OVEST</gco:CharacterString></gmd:code><gmd:codeSpace><gco:CharacterString>http://www.epsg-registry.org/export.htm?gml=urn:ogc:def:crs:EPSG::3003</gco:CharacterString></gmd:codeSpace></gmd:RS_Identifier></gmd:referenceSystemIdentifier></gmd:MD_ReferenceSystem></gmd:referenceSystemInfo><gmd:identificationInfo><gmd:MD_DataIdentification><gmd:citation><gmd:CI_Citation><gmd:title><gco:CharacterString>DBTR2013 - Canale - (CAN_GLI)</gco:CharacterString></gmd:title><gmd:date><gmd:CI_Date><gmd:date><gco:Date>2013-01-01</gco:Date></gmd:date><gmd:dateType><gmd:CI_DateTypeCode codeList="http://standards.iso.org/ittf/PubliclyAvailableStandards/ISO_19139_Schemas/resources/Codelist/gmxCodelists.xml#CI_DateTypeCode" codeListValue="publication">publication</gmd:CI_DateTypeCode></gmd:dateType></gmd:CI_Date><gmd:CI_Date><gmd:date><gco:Date>31-12-2010</gco:Date></gmd:date><gmd:dateType><gmd:CI_DateTypeCode codeList="http://standards.iso.org/ittf/PubliclyAvailableStandards/ISO_19139_Schemas/resources/Codelist/gmxCodelists.xml#CI_DateTypeCode" codeListValue="revision">publication</gmd:CI_DateTypeCode></gmd:dateType></gmd:CI_Date></gmd:date><gmd:date><gmd:CI_Date><gmd:date><gco:Date>-1991</gco:Date></gmd:date><gmd:dateType><gmd:CI_DateTypeCode codeList="http://standards.iso.org/ittf/PubliclyAvailableStandards/ISO_19139_Schemas/resources/Codelist/gmxCodelists.xml#CI_DateTypeCode" codeListValue="revision">revision</gmd:CI_DateTypeCode></gmd:dateType></gmd:CI_Date></gmd:date><gmd:identifier><gmd:MD_Identifier><gmd:code><gco:CharacterString>r_emiro:DBTR2013:CAN_GLI</gco:CharacterString></gmd:code></gmd:MD_Identifier></gmd:identifier><gmd:citedResponsibleParty><gmd:CI_ResponsibleParty><gmd:individualName><gco:CharacterString>Regione Emilia-Romagna</gco:CharacterString></gmd:individualName><gmd:organisationName><gco:CharacterString>Regione Emilia-Romagna</gco:CharacterString></gmd:organisationName><gmd:contactInfo><gmd:CI_Contact><gmd:phone><gmd:CI_Telephone><gmd:voice><gco:CharacterString>n.d.</gco:CharacterString></gmd:voice></gmd:CI_Telephone></gmd:phone><gmd:address><gmd:CI_Address><gmd:deliveryPoint><gco:CharacterString>Via Aldo Moro, 18</gco:CharacterString></gmd:deliveryPoint><gmd:city><gco:CharacterString>Bologna</gco:CharacterString></gmd:city><gmd:administrativeArea><gco:CharacterString>Regione</gco:CharacterString></gmd:administrativeArea><gmd:postalCode><gco:CharacterString>40127</gco:CharacterString></gmd:postalCode><gmd:country><gco:CharacterString>ITA</gco:CharacterString></gmd:country><gmd:electronicMailAddress><gco:CharacterString>n.d.</gco:CharacterString></gmd:electronicMailAddress></gmd:CI_Address></gmd:address><gmd:onlineResource><gmd:CI_OnlineResource><gmd:linkage><gmd:URL>http://www.regione.emilia-romagna.it</gmd:URL></gmd:linkage></gmd:CI_OnlineResource></gmd:onlineResource></gmd:CI_Contact></gmd:contactInfo><gmd:role><gmd:CI_RoleCode codeList="http://standards.iso.org/ittf/PubliclyAvailableStandards/ISO_19139_Schemas/resources/Codelist/gmxCodelists.xml#MD_ScopeCode" codeListValue="owner">owner</gmd:CI_RoleCode></gmd:role></gmd:CI_ResponsibleParty></gmd:citedResponsibleParty><gmd:citedResponsibleParty><gmd:CI_ResponsibleParty><gmd:individualName><gco:CharacterString>Servizio Statistica e Sistemi informativi geografici</gco:CharacterString></gmd:individualName><gmd:organisationName><gco:CharacterString>Regione Emilia-Romagna</gco:CharacterString></gmd:organisationName><gmd:contactInfo><gmd:CI_Contact><gmd:phone><gmd:CI_Telephone><gmd:voice><gco:CharacterString>0515273313</gco:CharacterString></gmd:voice><gmd:facsimile><gco:CharacterString>0515273247</gco:CharacterString></gmd:facsimile></gmd:CI_Telephone></gmd:phone><gmd:address><gmd:CI_Address><gmd:deliveryPoint><gco:CharacterString>Viale Aldo Moro, 52</gco:CharacterString></gmd:deliveryPoint><gmd:city><gco:CharacterString>Bologna</gco:CharacterString></gmd:city><gmd:administrativeArea><gco:CharacterString>BO</gco:CharacterString></gmd:administrativeArea><gmd:postalCode><gco:CharacterString>40127</gco:CharacterString></gmd:postalCode><gmd:country><gco:CharacterString>ITA</gco:CharacterString></gmd:country><gmd:electronicMailAddress><gco:CharacterString>Serviziostatistica@regione.emilia-romagna.it</gco:CharacterString></gmd:electronicMailAddress></gmd:CI_Address></gmd:address><gmd:onlineResource><gmd:CI_OnlineResource><gmd:linkage><gmd:URL>http://www.regione.emilia-romagna.it/</gmd:URL></gmd:linkage></gmd:CI_OnlineResource></gmd:onlineResource></gmd:CI_Contact></gmd:contactInfo><gmd:role><gmd:CI_RoleCode codeList="http://standards.iso.org/ittf/PubliclyAvailableStandards/ISO_19139_Schemas/resources/Codelist/gmxCodelists.xml#MD_ScopeCode" codeListValue="author">author</gmd:CI_RoleCode></gmd:role></gmd:CI_ResponsibleParty></gmd:citedResponsibleParty><gmd:presentationForm><gmd:CI_PresentationFormCode codeList="http://standards.iso.org/ittf/PubliclyAvailableStandards/ISO_19139_Schemas/resources/Codelist/gmxCodelists.xml#CI_PresentationFormCode" codeListValue="mapDigital">mapDigital</gmd:CI_PresentationFormCode></gmd:presentationForm><gmd:series><gmd:CI_Series><gmd:issueIdentification><gco:CharacterString>r_emiro:DBTR2013</gco:CharacterString></gmd:issueIdentification></gmd:CI_Series></gmd:series><gmd:otherCitationDetails><gco:CharacterString>Comprende gli oggetti della classe Canale.</gco:CharacterString></gmd:otherCitationDetails></gmd:CI_Citation></gmd:citation><gmd:abstract><gco:CharacterString>Si tratta di un corso d'acqua realizzato dall'uomo con l'inserimento di un manufatto (canale) in materiali naturali o artificiali a scopo di approvvigionamento, irrigazione, drenaggio, diversione, scolmatura delle portate di piena, produzione di energia idroelettrica, navigazione o altro.  Ha normalmente pendenza media o debole.	
E' modellata tramite l'aggregazione ordinata di "elementi di corso d'acqua" che presentino caratteristiche di continuità, tranne nei casi in cui il percorso sotterraneo non sia ricostruibile, e verso omogeneo.
Non è comunque prevista la presenza di anse e di rami secondari.
Il verso di percorrenza degli elementi costituenti deve essere concorde con quello della corrente del canale stesso, determinabile quindi sulla base dell'andamento altimetrico del terreno. Per i canali che ammettono un doppio senso di scorrimento deve comunque essere assunto un verso unico per tutto il canale.
I percorsi dei canali devono essere continui ed essere organizzati in modo da connettersi nei punti di derivazione o recapito in genere con un reticolo idrografico naturale o eventualmente con le condotte, acquisendo anche:
"	la mezzeria dei tratti di canale non visibili (ad esempio tombinati)
"	i tratti di raccordo con i corsi d'acqua naturali (mezzeria virtuale) in corrispondenza delle situazioni di derivazione o di recapito
</gco:CharacterString></gmd:abstract><gmd:pointOfContact><gmd:CI_ResponsibleParty><gmd:individualName><gco:CharacterString>Archivio Cartografico</gco:CharacterString></gmd:individualName><gmd:organisationName><gco:CharacterString>Regione Emilia-Romagna</gco:CharacterString></gmd:organisationName><gmd:contactInfo><gmd:CI_Contact><gmd:phone><gmd:CI_Telephone><gmd:voice><gco:CharacterString>051/649.32.30</gco:CharacterString></gmd:voice><gmd:facsimile><gco:CharacterString>051/528.00.42</gco:CharacterString></gmd:facsimile></gmd:CI_Telephone></gmd:phone><gmd:address><gmd:CI_Address><gmd:deliveryPoint><gco:CharacterString>Viale Aldo Moro 28-30</gco:CharacterString></gmd:deliveryPoint><gmd:city><gco:CharacterString>Bologna</gco:CharacterString></gmd:city><gmd:administrativeArea><gco:CharacterString>BO</gco:CharacterString></gmd:administrativeArea><gmd:postalCode><gco:CharacterString>40127</gco:CharacterString></gmd:postalCode><gmd:country><gco:CharacterString>ITA</gco:CharacterString></gmd:country><gmd:electronicMailAddress><gco:CharacterString>archiviocart@regione.emilia-romagna.it</gco:CharacterString></gmd:electronicMailAddress></gmd:CI_Address></gmd:address><gmd:onlineResource><gmd:CI_OnlineResource><gmd:linkage><gmd:URL>https://geoportale.regione.emilia-romagna.it/archivio-cartografico/mapshop</gmd:URL></gmd:linkage></gmd:CI_OnlineResource></gmd:onlineResource><gmd:hoursOfService><gco:CharacterString>da lunedi a venerdi, dalle ore 9,00 - 16,00</gco:CharacterString></gmd:hoursOfService></gmd:CI_Contact></gmd:contactInfo><gmd:role><gmd:CI_RoleCode codeList="http://standards.iso.org/ittf/PubliclyAvailableStandards/ISO_19139_Schemas/resources/Codelist/gmxCodelists.xml#MD_ScopeCode" codeListValue="pointOfContact">pointOfContact</gmd:CI_RoleCode></gmd:role></gmd:CI_ResponsibleParty></gmd:pointOfContact><gmd:graphicOverview><gmd:MD_BrowseGraphic><gmd:fileName><gco:CharacterString>http://mappegis.regione.emilia-romagna.it/archiviogis/sig/images/bookshop/carto/dbtr2008_can_gli.png</gco:CharacterString></gmd:fileName><gmd:fileDescription><gco:CharacterString>n.d.</gco:CharacterString></gmd:fileDescription><gmd:fileType><gco:CharacterString>PNG</gco:CharacterString></gmd:fileType></gmd:MD_BrowseGraphic></gmd:graphicOverview><gmd:descriptiveKeywords><gmd:MD_Keywords><gmd:keyword><gco:CharacterString>sistema informativo geografico</gco:CharacterString></gmd:keyword><gmd:keyword><gco:CharacterString>cartografia</gco:CharacterString></gmd:keyword><gmd:thesaurusName><gmd:CI_Citation><gmd:title><gco:CharacterString>GEMET - Concepts, version 3.1</gco:CharacterString></gmd:title><gmd:date><gmd:CI_Date><gmd:date><gco:Date>2012-07-20</gco:Date></gmd:date><gmd:dateType><gmd:CI_DateTypeCode codeList="http://standards.iso.org/ittf/PubliclyAvailableStandards/ISO_19139_Schemas/resources/Codelist/gmxCodelists.xml#CI_DateTypeCode" codeListValue="publication">publication</gmd:CI_DateTypeCode></gmd:dateType></gmd:CI_Date><gmd:CI_Date><gmd:date><gco:Date>31-12-2010</gco:Date></gmd:date><gmd:dateType><gmd:CI_DateTypeCode codeList="http://standards.iso.org/ittf/PubliclyAvailableStandards/ISO_19139_Schemas/resources/Codelist/gmxCodelists.xml#CI_DateTypeCode" codeListValue="revision">publication</gmd:CI_DateTypeCode></gmd:dateType></gmd:CI_Date></gmd:date></gmd:CI_Citation></gmd:thesaurusName></gmd:MD_Keywords></gmd:descriptiveKeywords><gmd:descriptiveKeywords><gmd:MD_Keywords><gmd:keyword><gco:CharacterString>EU</gco:CharacterString></gmd:keyword><gmd:keyword><gco:CharacterString>Regionale</gco:CharacterString></gmd:keyword><gmd:keyword><gco:CharacterString>cartografia tecnica regionale</gco:CharacterString></gmd:keyword><gmd:keyword><gco:CharacterString>database topografico</gco:CharacterString></gmd:keyword><gmd:keyword><gco:CharacterString>topografia</gco:CharacterString></gmd:keyword><gmd:keyword><gco:CharacterString>reticolo idrografico</gco:CharacterString></gmd:keyword><gmd:thesaurusName><gmd:CI_Citation><gmd:title><gco:CharacterString>Regione</gco:CharacterString></gmd:title><gmd:date><gmd:CI_Date><gmd:date><gco:Date>2006-01-01</gco:Date></gmd:date><gmd:dateType><gmd:CI_DateTypeCode codeList="http://standards.iso.org/ittf/PubliclyAvailableStandards/ISO_19139_Schemas/resources/Codelist/gmxCodelists.xml#CI_DateTypeCode" codeListValue="publication">publication</gmd:CI_DateTypeCode></gmd:dateType></gmd:CI_Date><gmd:CI_Date><gmd:date><gco:Date>31-12-2010</gco:Date></gmd:date><gmd:dateType><gmd:CI_DateTypeCode codeList="http://standards.iso.org/ittf/PubliclyAvailableStandards/ISO_19139_Schemas/resources/Codelist/gmxCodelists.xml#CI_DateTypeCode" codeListValue="revision">publication</gmd:CI_DateTypeCode></gmd:dateType></gmd:CI_Date></gmd:date></gmd:CI_Citation></gmd:thesaurusName></gmd:MD_Keywords></gmd:descriptiveKeywords><gmd:descriptiveKeywords><gmd:MD_Keywords><gmd:keyword><gco:CharacterString>Idrografia</gco:CharacterString></gmd:keyword><gmd:thesaurusName><gmd:CI_Citation><gmd:title><gco:CharacterString>GEMET - INSPIRE themes, version 1.0</gco:CharacterString></gmd:title><gmd:date><gmd:CI_Date><gmd:date><gco:Date>2008-06-01</gco:Date></gmd:date><gmd:dateType><gmd:CI_DateTypeCode codeList="http://standards.iso.org/ittf/PubliclyAvailableStandards/ISO_19139_Schemas/resources/Codelist/gmxCodelists.xml#CI_DateTypeCode" codeListValue="publication">publication</gmd:CI_DateTypeCode></gmd:dateType></gmd:CI_Date><gmd:CI_Date><gmd:date><gco:Date>31-12-2010</gco:Date></gmd:date><gmd:dateType><gmd:CI_DateTypeCode codeList="http://standards.iso.org/ittf/PubliclyAvailableStandards/ISO_19139_Schemas/resources/Codelist/gmxCodelists.xml#CI_DateTypeCode" codeListValue="revision">publication</gmd:CI_DateTypeCode></gmd:dateType></gmd:CI_Date></gmd:date></gmd:CI_Citation></gmd:thesaurusName></gmd:MD_Keywords></gmd:descriptiveKeywords><gmd:resourceConstraints><gmd:MD_Constraints><gmd:useLimitation><gco:CharacterString>CC BY 3.0 (Creative Commons - Attribuzione) https://creativecommons.org/licenses/by/3.0/legalcode.it</gco:CharacterString></gmd:useLimitation></gmd:MD_Constraints></gmd:resourceConstraints><gmd:resourceConstraints><gmd:MD_LegalConstraints><gmd:accessConstraints><gmd:MD_RestrictionCode codeList="https://standards.iso.org/iso/19139/#MD_RestrictionCode" codeListValue="otherRestrictions">otherRestrictions</gmd:MD_RestrictionCode></gmd:accessConstraints><gmd:otherConstraints><gmx:Anchor xlink:href="http://inspire.ec.europa.eu/metadata-codelist/LimitationsOnPublicAccess/INSPIRE_Directive_Article13_1e">Accesso pubblico limitato in accordo all Articolo 13(1)(e) della Direttiva INSPIRE</gmx:Anchor></gmd:otherConstraints></gmd:MD_LegalConstraints></gmd:resourceConstraints><gmd:resourceConstraints><gmd:MD_LegalConstraints><gmd:useConstraints><gmd:MD_RestrictionCode codeList="https://standards.iso.org/iso/19139/#MD_RestrictionCode" codeListValue="otherRestrictions">otherRestrictions</gmd:MD_RestrictionCode></gmd:useConstraints><gmd:otherConstraints><gmx:Anchor xlink:href="https://creativecommons.org/licenses/by/3.0/legalcode.it">CC BY 3.0 (Creative Commons - Attribuzione)</gmx:Anchor></gmd:otherConstraints></gmd:MD_LegalConstraints></gmd:resourceConstraints><gmd:resourceConstraints><gmd:MD_SecurityConstraints><gmd:classification><gmd:MD_ClassificationCode codeList="http://standards.iso.org/ittf/PubliclyAvailableStandards/ISO_19139_Schemas/resources/Codelist/gmxCodelists.xm#MD_ClassificationCode" codeListValue="unclassified">unclassified</gmd:MD_ClassificationCode></gmd:classification></gmd:MD_SecurityConstraints></gmd:resourceConstraints><gmd:spatialRepresentationType><gmd:MD_SpatialRepresentationTypeCode codeList="http://standards.iso.org/ittf/PubliclyAvailableStandards/ISO_19139_Schemas/resources/Codelist/gmxCodelists.xml#MD_SpatialRepresentationTypeCode" codeListValue="vector">vector</gmd:MD_SpatialRepresentationTypeCode></gmd:spatialRepresentationType><gmd:spatialResolution><gmd:MD_Resolution><gmd:equivalentScale><gmd:MD_RepresentativeFraction><gmd:denominator><gco:Integer>5000</gco:Integer></gmd:denominator></gmd:MD_RepresentativeFraction></gmd:equivalentScale></gmd:MD_Resolution></gmd:spatialResolution><gmd:language><gmd:LanguageCode codeList="http://www.loc.gov/standards/iso639-2" codeListValue="ita">ita</gmd:LanguageCode></gmd:language><gmd:characterSet><gmd:MD_CharacterSetCode codeList="http://standards.iso.org/ittf/PubliclyAvailableStandards/ISO_19139_Schemas/resources/Codelist/gmxCodelists.xml#MD_CharacterSetCode" codeListValue="utf8">UTF8</gmd:MD_CharacterSetCode></gmd:characterSet><gmd:topicCategory><gmd:MD_TopicCategoryCode>imageryBaseMapsEarthCover</gmd:MD_TopicCategoryCode></gmd:topicCategory><gmd:topicCategory><gmd:MD_TopicCategoryCode>inlandWaters</gmd:MD_TopicCategoryCode></gmd:topicCategory><gmd:extent><gmd:EX_Extent><gmd:description><gco:CharacterString>Regione Emilia Romagna ETRS89 / UTM Zone 32N</gco:CharacterString></gmd:description><gmd:geographicElement><gmd:EX_GeographicBoundingBox><gmd:westBoundLongitude><gco:Decimal>535644.869</gco:Decimal></gmd:westBoundLongitude><gmd:eastBoundLongitude><gco:Decimal>776419.866</gco:Decimal></gmd:eastBoundLongitude><gmd:southBoundLatitude><gco:Decimal>4890128.827</gco:Decimal></gmd:southBoundLatitude><gmd:northBoundLatitude><gco:Decimal>4991866.733</gco:Decimal></gmd:northBoundLatitude></gmd:EX_GeographicBoundingBox></gmd:geographicElement><gmd:geographicElement><gmd:EX_GeographicDescription><gmd:geographicIdentifier><gmd:RS_Identifier><gmd:code><gco:CharacterString>X5090</gco:CharacterString></gmd:code></gmd:RS_Identifier></gmd:geographicIdentifier></gmd:EX_GeographicDescription></gmd:geographicElement></gmd:EX_Extent></gmd:extent><gmd:extent><gmd:EX_Extent><gmd:temporalElement><gmd:EX_TemporalExtent><gmd:extent><gml:TimePeriod gml:id="TP1"><gml:beginPosition>01-01-2003</gml:beginPosition><gml:endPosition>31-12-2003</gml:endPosition></gml:TimePeriod></gmd:extent></gmd:EX_TemporalExtent></gmd:temporalElement></gmd:EX_Extent></gmd:extent></gmd:MD_DataIdentification></gmd:identificationInfo><gmd:distributionInfo><gmd:MD_Distribution><gmd:distributionFormat><gmd:MD_Format><gmd:name><gco:CharacterString>SHP</gco:CharacterString></gmd:name><gmd:version><gco:CharacterString>Ver1000</gco:CharacterString></gmd:version></gmd:MD_Format></gmd:distributionFormat><gmd:distributionFormat><gmd:MD_Format><gmd:name><gco:CharacterString>Vettoriale</gco:CharacterString></gmd:name><gmd:version><gco:CharacterString>Ver1000</gco:CharacterString></gmd:version></gmd:MD_Format></gmd:distributionFormat><gmd:distributionFormat><gmd:MD_Format><gmd:name><gco:CharacterString>WMS</gco:CharacterString></gmd:name><gmd:version><gco:CharacterString>1.3.0</gco:CharacterString></gmd:version></gmd:MD_Format></gmd:distributionFormat><gmd:distributor><gmd:MD_Distributor><gmd:distributorContact><gmd:CI_ResponsibleParty><gmd:individualName><gco:CharacterString>Archivio Cartografico</gco:CharacterString></gmd:individualName><gmd:organisationName><gco:CharacterString>Regione Emilia-Romagna</gco:CharacterString></gmd:organisationName><gmd:contactInfo><gmd:CI_Contact><gmd:phone><gmd:CI_Telephone><gmd:voice><gco:CharacterString>051/649.32.30</gco:CharacterString></gmd:voice><gmd:facsimile><gco:CharacterString>051/528.00.42</gco:CharacterString></gmd:facsimile></gmd:CI_Telephone></gmd:phone><gmd:address><gmd:CI_Address><gmd:deliveryPoint><gco:CharacterString>Viale Aldo Moro 28-30</gco:CharacterString></gmd:deliveryPoint><gmd:city><gco:CharacterString>Bologna</gco:CharacterString></gmd:city><gmd:administrativeArea><gco:CharacterString>BO</gco:CharacterString></gmd:administrativeArea><gmd:postalCode><gco:CharacterString>40127</gco:CharacterString></gmd:postalCode><gmd:country><gco:CharacterString>ITA</gco:CharacterString></gmd:country><gmd:electronicMailAddress><gco:CharacterString>archiviocart@regione.emilia-romagna.it</gco:CharacterString></gmd:electronicMailAddress></gmd:CI_Address></gmd:address><gmd:onlineResource><gmd:CI_OnlineResource><gmd:linkage><gmd:URL>https://geoportale.regione.emilia-romagna.it/archivio-cartografico/mapshop</gmd:URL></gmd:linkage></gmd:CI_OnlineResource></gmd:onlineResource><gmd:hoursOfService><gco:CharacterString>da lunedi a venerdi, dalle ore 9,00 - 16,00</gco:CharacterString></gmd:hoursOfService></gmd:CI_Contact></gmd:contactInfo><gmd:role><gmd:CI_RoleCode codeList="http://standards.iso.org/ittf/PubliclyAvailableStandards/ISO_19139_Schemas/resources/Codelist/gmxCodelists.xml#MD_ScopeCode" codeListValue="distributor">distributor</gmd:CI_RoleCode></gmd:role></gmd:CI_ResponsibleParty></gmd:distributorContact><gmd:distributionOrderProcess><gmd:MD_StandardOrderProcess><gmd:fees><gco:CharacterString>Non in vendita</gco:CharacterString></gmd:fees></gmd:MD_StandardOrderProcess></gmd:distributionOrderProcess></gmd:MD_Distributor></gmd:distributor><gmd:transferOptions><gmd:MD_DigitalTransferOptions><gmd:onLine><gmd:CI_OnlineResource><gmd:linkage><gmd:URL>https://geoportale.regione.emilia-romagna.it/catalogo/dati-cartografici/cartografia-di-base/database-topografico-regionale/idrografia/acque-interne-e-di-transizione</gmd:URL></gmd:linkage><gmd:protocol><gmx:Anchor xlink:href="http://www.w3.org/TR/xlink/">Link</gmx:Anchor></gmd:protocol><gmd:applicationProfile><gmx:Anchor xlink:href="http://inspire.ec.europa.eu/metadata-codelist/SpatialDataServiceType/other">other</gmx:Anchor></gmd:applicationProfile><gmd:name><gco:CharacterString>MapShop</gco:CharacterString></gmd:name><gmd:description><gmx:Anchor xlink:href="http://inspire.ec.europa.eu/metadata-codelist/OnLineDescriptionCode/accessPoint">access point</gmx:Anchor></gmd:description><gmd:function><gmd:CI_OnLineFunctionCode codeList="http://standards.iso.org/ittf/PubliclyAvailableStandards/ISO_19139_Schemas/resources/Codelist/gmxCodelists.xml#CI_OnLineFunctionCode" codeListValue="order">order</gmd:CI_OnLineFunctionCode></gmd:function></gmd:CI_OnlineResource></gmd:onLine><gmd:onLine><gmd:CI_OnlineResource><gmd:linkage><gmd:URL>http://mappegis.regione.emilia-romagna.it/archiviogis/dbtr/Documenti/specifiche_di_contenuto_dbtr.pdf</gmd:URL></gmd:linkage><gmd:protocol><gmx:Anchor xlink:href="http://www.w3.org/TR/xlink">WWW:LINK</gmx:Anchor></gmd:protocol><gmd:applicationProfile><gmx:Anchor xlink:href="http://inspire.ec.europa.eu/metadata-codelist/SpatialDataServiceType/other" xlink:title="Documentazione">other</gmx:Anchor></gmd:applicationProfile><gmd:name><gco:CharacterString>Specifica della classe Canale</gco:CharacterString></gmd:name><gmd:description><gmx:Anchor xlink:href="http://inspire.ec.europa.eu/metadata-codelist/OnLineDescriptionCode/accessPoint">access point</gmx:Anchor></gmd:description><gmd:function><gmd:CI_OnLineFunctionCode codeList="http://standards.iso.org/ittf/PubliclyAvailableStandards/ISO_19139_Schemas/resources/Codelist/gmxCodelists.xml#CI_OnLineFunctionCode" codeListValue="information">information</gmd:CI_OnLineFunctionCode></gmd:function></gmd:CI_OnlineResource></gmd:onLine></gmd:MD_DigitalTransferOptions></gmd:transferOptions></gmd:MD_Distribution></gmd:distributionInfo><gmd:dataQualityInfo><gmd:DQ_DataQuality><gmd:scope><gmd:DQ_Scope><gmd:level><gmd:MD_ScopeCode codeList="http://standards.iso.org/ittf/PubliclyAvailableStandards/ISO_19139_Schemas/resources/Codelist/gmxCodelists.xml#MD_ScopeCode" codeListValue="dataset">dataset</gmd:MD_ScopeCode></gmd:level></gmd:DQ_Scope></gmd:scope><gmd:report><gmd:DQ_AbsoluteExternalPositionalAccuracy><gmd:result><gmd:DQ_QuantitativeResult><gmd:valueUnit><gml:BaseUnit gml:id="m"><gml:identifier codeSpace="http://www.bipm.fr/en/si/base_units">m</gml:identifier><gml:unitsSystem xlink:href="http://www.bipm.fr"/></gml:BaseUnit></gmd:valueUnit><gmd:value><gco:Record><gco:Real>4</gco:Real></gco:Record></gmd:value></gmd:DQ_QuantitativeResult></gmd:result></gmd:DQ_AbsoluteExternalPositionalAccuracy></gmd:report><gmd:report><gmd:DQ_DomainConsistency><gmd:result><gmd:DQ_ConformanceResult><gmd:specification><gmd:CI_Citation><gmd:title><gco:CharacterString>REGOLAMENTO (UE) N. 1089/2010 DELLA COMMISSIONE del 23 novembre 2010 recante attuazione della direttiva 2007/2/CE del Parlamento europeo e del Consiglio per quanto riguarda l'interoperabilità dei set di dati territoriali e dei servizi di dati territoriali</gco:CharacterString></gmd:title><gmd:date><gmd:CI_Date><gmd:date><gco:Date>2010-12-08</gco:Date></gmd:date><gmd:dateType><gmd:CI_DateTypeCode codeList="http://standards.iso.org/ittf/PubliclyAvailableStandards/ISO_19139_Schemas/resources/Codelist/gmxCodelists.xml#CI_DateTypeCode" codeListValue="publication">publication</gmd:CI_DateTypeCode></gmd:dateType></gmd:CI_Date></gmd:date></gmd:CI_Citation></gmd:specification><gmd:explanation><gco:CharacterString>REGOLAMENTO (UE) N. 1089/2010 DELLA COMMISSIONE del 23 novembre 2010 recante attuazione della direttiva 2007/2/CE del Parlamento europeo e del Consiglio per quanto riguarda l'interoperabilità dei set di dati territoriali e dei servizi di dati territoriali</gco:CharacterString></gmd:explanation><gmd:pass><gco:Boolean>false</gco:Boolean></gmd:pass></gmd:DQ_ConformanceResult></gmd:result><gmd:result><gmd:DQ_ConformanceResult><gmd:specification><gmd:CI_Citation><gmd:title><gco:CharacterString>Capitolato tecnico per la realizzazione dell'aggiornamento 2008 del DB dell'Uso del Suolo e per il completamento e aggiornamento del DB Topografico</gco:CharacterString></gmd:title><gmd:date><gmd:CI_Date><gmd:date><gco:Date>2011-12-18</gco:Date></gmd:date><gmd:dateType><gmd:CI_DateTypeCode codeList="http://standards.iso.org/ittf/PubliclyAvailableStandards/ISO_19139_Schemas/resources/Codelist/gmxCodelists.xml#CI_DateTypeCode" codeListValue="publication">publication</gmd:CI_DateTypeCode></gmd:dateType></gmd:CI_Date></gmd:date></gmd:CI_Citation></gmd:specification><gmd:explanation><gco:CharacterString>Capitolato tecnico per la realizzazione dell'aggiornamento 2008 del DB dell'Uso del Suolo e per il completamento e aggiornamento del DB Topografico</gco:CharacterString></gmd:explanation><gmd:pass><gco:Boolean>true</gco:Boolean></gmd:pass></gmd:DQ_ConformanceResult></gmd:result></gmd:DQ_DomainConsistency></gmd:report><gmd:lineage><gmd:LI_Lineage><gmd:statement><gco:CharacterString>La componente geometrica degli oggetti viene prodotta conformemente ai dati topografici del DBT e viene integrata con le proprietà desunte dagli strati CGU versione 2010 e Agea 2011.</gco:CharacterString></gmd:statement></gmd:LI_Lineage></gmd:lineage></gmd:DQ_DataQuality></gmd:dataQualityInfo></gmd:MD_Metadata>
